name,2023_visits
Taylor Swift,22030018
XXXTentacion,20104479
Alia Bhatt,12669342
Tina Turner,11590403
Keanu Reeves,9916477
Rihanna,9885357
Bruce Willis,9468530
Michael Jackson,9129164
Ryan Gosling,8766941
Selena Gomez,7550367
Whitney Houston,7352289
Miley Cyrus,7316591
Scarlett Johansson,6897719
Hannah Waddingham,6896715
Eminem,6848331
Kanye West,6586442
Florence Pugh,6535920
Priyanka Chopra,6528335
Tupac Shakur,6455491
Freddie Mercury,6269464
George Michael,6158859
Zendaya,6090521
Johnny Depp,6056396
Madonna,6051079
Cher,6010999
Adam Sandler,5966212
Dua Lipa,5609778
Salma Hayek,5476143
Robert Downey Jr.,5384459
Shaquille O'Neal,5368997
Bradley Cooper,5294435
Olivia Rodrigo,5245609
Britney Spears,5206756
Mark Wahlberg,5117199
Shakira,5086038
Lady Gaga,5070719
David Bowie,5062171
John Cena,5020053
Salman Khan,5009823
Elton John,4991683
Raquel Welch,4930049
Jimmy Buffett,4797126
BTS,4765167
The Beatles,4748885
Austin Butler,4735623
Joaquin Phoenix,4731164
Katy Perry,4708972
Kate Winslet,4644136
Billie Eilish,4611937
Ezra Miller,4600558
John Travolta,4564563
The Weeknd,4540685
Jennifer Connelly,4529869
Lewis Capaldi,4512254
Nicole Kidman,4473728
Gwyneth Paltrow,4438075
Ed Sheeran,4420622
Will Smith,4284803
Victoria Beckham,4233309
Snoop Dogg,4223450
Jackie Chan,4213903
Jamie Foxx,4169819
Anne Hathaway,4158972
Bad Bunny,4109837
Brie Larson,4089445
Daniel Radcliffe,4073491
Paris Hilton,3990442
Fleetwood Mac,3975126
Nick Cannon,3964560
Stevie Nicks,3927785
Mariah Carey,3916740
Russell Brand,3913698
Europe,3877870
Bob Marley,3854466
Doja Cat,3818144
Amy Winehouse,3806050
Eddie Murphy,3804706
Post Malone,3798168
Nicki Minaj,3783556
Mary Elizabeth Winstead,3763120
Kim Petras,3754581
Justin Timberlake,3657930
Ozzy Osbourne,3649800
Shia LaBeouf,3644384
Zooey Deschanel,3643554
Suzanne Somers,3636954
Jeff Beck,3633933
Brenda Song,3617830
River Phoenix,3611197
Catherine Zeta-Jones,3544223
Mick Jagger,3535232
Jared Leto,3533577
Bob Dylan,3527201
Barbra Streisand,3523539
Hailee Steinfeld,3511249
Adele,3478780
Niall Horan,3476826
Sam Smith,3474758
Shania Twain,3418841
Phil Collins,3375898
Hugh Jackman,3374390
Patrick Swayze,3372349
Zayn Malik,3369189
Jack Black,3368823
Julia Louis-Dreyfus,3333955
Tim Curry,3309136
Zoë Kravitz,3307427
Carrie Fisher,3295855
Anna Kendrick,3291239
Jay-Z,3281148
The Notorious B.I.G.,3273811
Rajinikanth,3249820
Amitabh Bachchan,3235756
Robert Pattinson,3174899
Gwen Stefani,3166843
The Rolling Stones,3154254
Travis Scott,3150548
Zac Efron,3140559
Rita Ora,3117870
Metallica,3099175
Jesse Plemons,3089637
Robbie Williams,3069288
Kate Hudson,3057075
Cardi B,3044747
Michael Keaton,3039446
Dakota Fanning,2991438
Mayim Bialik,2986616
Matthew Broderick,2980151
Kylie Minogue,2972934
Awkwafina,2952279
Joe Alwyn,2949898
Chicago,2930655
Lainey Wilson,2924554
Amanda Seyfried,2922305
Aaliyah,2916902
Steven Seagal,2908707
Avril Lavigne,2904613
Dave Grohl,2892322
Kirsten Dunst,2862369
50 Cent,2859372
Sally Field,2840774
Jada Pinkett Smith,2822106
Gillian Anderson,2817985
Ewan McGregor,2809847
Antonio Banderas,2808653
Bruce Springsteen,2805749
Lily James,2791732
Sean Combs,2789848
Lionel Richie,2789790
Ice Cube,2761761
Andrew Garfield,2759137
Angela Bassett,2755029
Michelle Pfeiffer,2733334
Russell Crowe,2724889
Steve Harvey,2724863
Selena,2671524
Kelly Clarkson,2663796
Chris Brown,2660175
R. Kelly,2658853
Lynyrd Skynyrd,2648070
Goldie Hawn,2647021
Jimi Hendrix,2645740
Tyler Perry,2633533
ABBA,2630172
Bruno Mars,2621772
Olivia Newton-John,2610626
Kiefer Sutherland,2603640
Jack Antonoff,2601588
Grimes,2598655
Avicii,2593461
Tracy Chapman,2589859
Yoko Ono,2583511
Jane Birkin,2583154
Led Zeppelin,2582345
Rod Stewart,2575248
Joey King,2568514
AC/DC,2565212
Keke Palmer,2551193
Eric Clapton,2550945
N. T. Rama Rao Jr.,2543324
Bee Gees,2543289
Joe Pesci,2521867
Lizzo,2518417
Kris Kristofferson,2504633
Depeche Mode,2496371
Guns N' Roses,2490381
Hayden Panettiere,2489644
Amy Adams,2466412
Lenny Kravitz,2459622
Kristen Bell,2457311
Donald Glover,2453624
David Crosby,2399361
Taron Egerton,2381878
Stevie Wonder,2378668
Dr. Dre,2354143
Ranveer Singh,2347455
Kamal Haasan,2342873
Steven Yeun,2330980
Billy Joel,2313456
Red Hot Chili Peppers,2300040
Whoopi Goldberg,2297647
Janet Jackson,2293336
Seth MacFarlane,2289115
Viggo Mortensen,2280492
Keerthy Suresh,2264293
John Denver,2256225
Zachary Levi,2247418
Jon Bon Jovi,2216229
Linda Ronstadt,2202883
Demi Lovato,2199803
Catherine O'Hara,2198730
Jack Harlow,2146398
KSI,2137753
Alanis Morissette,2134370
Vanessa Paradis,2129616
Chevy Chase,2128862
Megan Thee Stallion,2126179
Bill Cosby,2120985
Kendrick Lamar,2119374
Meghan Trainor,2112174
Don Johnson,2100653
Maya Rudolph,2094767
Allu Arjun,2080944
Jisoo,2035457
Shirley Temple,2032246
Steven Tyler,2031418
Sanjay Dutt,2012921
Tom Petty,2009910
Billy Bob Thornton,2006058
Toni Collette,2001221
Tammy Wynette,1994052
Cat Stevens,1993019
Janis Joplin,1992630
Danny Elfman,1981480
Leighton Meester,1975249
Ian McShane,1974101
Bella Thorne,1966846
Hugh Laurie,1965978
Martin Short,1959434
Ann-Margret,1958499
Sidhu Moose Wala,1955091
Lin-Manuel Miranda,1949074
Idina Menzel,1944994
John Mayer,1921127
David Foster,1917771
Alice Cooper,1910012
Lauryn Hill,1893047
Queen Latifah,1892644
Marc Anthony,1887959
Barry Manilow,1880413
Damian Lillard,1880251
Peso Pluma,1872716
Brigitte Nielsen,1868930
Elisabeth Shue,1868578
David Lynch,1863131
Katey Sagal,1863030
RuPaul,1862252
Dove Cameron,1858787
Neil Young,1857178
Sarah Silverman,1856768
Robert Plant,1856516
The Beach Boys,1849958
Hayley Williams,1848967
Tim McGraw,1848794
Peter Gabriel,1846457
Tessa Thompson,1843192
Andy Samberg,1837943
Neil Patrick Harris,1830096
Joni Mitchell,1827766
Brandi Carlile,1824524
Donna Summer,1819721
John Goodman,1818452
Hans Zimmer,1815739
Billy Ray Cyrus,1814854
Rita Wilson,1814232
Kim Basinger,1812125
Mandy Moore,1805392
David Byrne,1801276
John Stamos,1800508
Neil Diamond,1798743
Golshifteh Farahani,1798545
Andrea Bocelli,1791188
Pawan Kalyan,1786354
Chris Farley,1772398
Paul Bettany,1761406
Beverly D'Angelo,1761141
Backstreet Boys,1759240
Björk,1756338
Kid Rock,1738966
The Chicks,1737775
Kristin Chenoweth,1734689
Dan Aykroyd,1727569
Blake Shelton,1724043
Jonathan Groff,1709887
Brian May,1691148
Taraji P. Henson,1681651
Camila Cabello,1679361
A. R. Rahman,1675769
Jonas Brothers,1675582
Beastie Boys,1674676
Allen Iverson,1671279
Chris Stapleton,1669981
Alyssa Milano,1656787
Ice-T,1650203
Creedence Clearwater Revival,1648416
Bono,1647960
Bebe Rexha,1639132
Andrew Lloyd Webber,1636434
Manny Pacquiao,1619605
Morrissey,1618744
Alicia Keys,1615232
Imagine Dragons,1614677
Brian Wilson,1608583
Paula Abdul,1608146
Minnie Driver,1598015
Ariana DeBose,1592477
Cyndi Lauper,1592395
Lee Majors,1591707
Steven Van Zandt,1589722
Patrick Wilson,1584340
Barbados,1582722
Molly Ringwald,1582654
LL Cool J,1582218
Meat Loaf,1573255
Big Bang,1567955
U2,1566673
Pharrell Williams,1565281
Vincent D'Onofrio,1559537
Jason Alexander,1548185
Arctic Monkeys,1547984
Naya Rivera,1546432
Frank Ocean,1543791
John Legend,1536917
Tory Lanez,1533280
Måneskin,1527145
Nelly,1522870
Lana Rhoades,1522822
Nancy Sinatra,1509842
Carrie Underwood,1502338
Krysten Ritter,1502171
Megan Mullally,1500549
Wesley Snipes,1499242
Eugene Levy,1497074
Michael Richards,1491235
Becky G,1491187
Iron Maiden,1480562
Penny Marshall,1478296
Chaz Bono,1476404
Mike Myers,1476257
Radiohead,1468112
Grace Jones,1465143
Iggy Azalea,1464111
Coolio,1459004
Duran Duran,1451783
Miranda Cosgrove,1439895
Vanessa Williams,1437880
Daisy Ridley,1437780
Kid Cudi,1436425
Mohanlal,1432997
The Cure,1432230
Lil Nas X,1428237
Shelley Duvall,1422728
Damon Albarn,1421509
Charlotte Gainsbourg,1420266
ZZ Top,1419147
RZA,1417828
Rammstein,1416221
Connie Britton,1403623
Boney M.,1403355
Jessie Buckley,1402550
Adam Levine,1400328
Daveed Diggs,1400040
Keith Urban,1399650
Sara Ramirez,1399045
Joe Walsh,1396416
Sheryl Crow,1396176
Tom Felton,1395541
Greta Van Fleet,1389685
Abigail Breslin,1384182
Jenny Slate,1380820
Michael McKean,1378250
Fall Out Boy,1370094
Scandinavia,1368848
Ludacris,1368514
Kate Bush,1359848
Iggy Pop,1358899
Shawn Mendes,1354542
H.E.R.,1353050
Bo Burnham,1343660
Garth Brooks,1342978
Alabama,1339432
Hiroyuki Sanada,1337906
The Mamas & the Papas,1337359
Jon Batiste,1332689
Linda McCartney,1325883
Don Henley,1317859
Van Halen,1316524
Maya Angelou,1314441
Bryan Adams,1313530
Kesha,1310617
Asia Argento,1303592
Annie Lennox,1303172
James Taylor,1300226
Jack White,1300072
Keith David,1291121
Aerosmith,1283908
Faith Hill,1281199
Tyler James Williams,1275916
Carly Simon,1273063
Rage Against the Machine,1267763
Nelly Furtado,1266115
Anthony Ramos,1264077
Billie Piper,1256369
Jonathan Rhys Meyers,1251537
Alex Borstein,1251395
Stevie Ray Vaughan,1248928
Jussie Smollett,1240574
Arijit Singh,1239345
Norah Jones,1238428
Sarah Polley,1236810
Ben Platt,1234837
LeAnn Rimes,1231286
Daft Punk,1231166
Bon Jovi,1230592
Dianna Agron,1229666
John Mellencamp,1227922
Jason Mraz,1224915
Trey Parker,1217575
Toby Keith,1216285
Israel Kamakawiwoʻole,1213261
Patti Smith,1207441
Luther Vandross,1207127
Grateful Dead,1206869
Ethan Slater,1206856
Rob Zombie,1205830
Drew Carey,1203731
Shreya Ghoshal,1202880
Destiny's Child,1200787
Steely Dan,1200456
Mary J. Blige,1198080
Arrested Development,1197949
Martha Plimpton,1195139
David Gilmour,1195013
The Band,1194658
Mark Ronson,1192202
Randy Travis,1191249
Rajesh Khanna,1187548
Mandy Patinkin,1183632
Nick Cave,1179846
Chance the Rapper,1176845
Isabela Merced,1171210
Jessie J,1164014
Burna Boy,1162286
Danny Glover,1156135
Mark Knopfler,1153129
Tom Waits,1146825
Cybill Shepherd,1144499
New Kids on the Block,1144404
Keith Carradine,1140997
Michael Bublé,1139412
Sheryl Lee Ralph,1134806
Tyler Childers,1129093
Sissy Spacek,1127325
Wayne Brady,1123412
Willow Smith,1117166
Chris Jericho,1111981
Lou Reed,1111684
The Yardbirds,1111665
George Strait,1107057
Lorde,1106354
Charlie Puth,1106181
Terrence Howard,1104909
Tanya Tucker,1103683
Pentatonix,1103136
Taryn Manning,1100261
Leslie Odom Jr.,1098017
Billy Connolly,1091461
Dire Straits,1089896
Hank Williams Jr.,1085570
Missy Elliott,1085090
Kane Brown,1083682
René Angélil,1081613
Carlos Santana,1076900
Rosie O'Donnell,1075217
Billy Crystal,1069469
Desi Arnaz,1068159
Cailee Spaeny,1059874
Ricky Martin,1056768
Enya,1054847
Ramones,1054616
Michael Bolton,1053527
Tia Carrere,1052956
Traveling Wilburys,1049037
Jerry Garcia,1048974
Jason Derulo,1048592
The Temptations,1047480
The Monkees,1045768
Bette Midler,1044864
Amandla Stenberg,1043843
Glenn Frey,1042422
Beck,1037687
The Pogues,1031590
Lynda Carter,1029133
Wiz Khalifa,1025749
Lucy Lawless,1024242
David Cross,1024142
David Hasselhoff,1019065
Kristy McNichol,1017047
AnnaSophia Robb,1013267
Addison Rae,1012693
Sufjan Stevens,1011118
Skrillex,1009163
Phylicia Rashad,1006487
Bonnie Raitt,1004622
Trent Reznor,1003606
Jane Lynch,1003440
Joanne Whalley,1002729
T.I.,999166
Ayushmann Khurrana,995414
Miranda Lambert,993163
Joy Division,991670
Riz Ahmed,991012
Mélanie Laurent,983819
Bebe Neuwirth,980230
Max Martin,976531
Gregg Allman,974873
Alan Jackson,974365
Amy Irving,969012
Han Hyo-joo,963774
Elvis Costello,961769
The Jackson 5,960590
Josh Gad,950802
Julio Iglesias,947668
M. M. Keeravani,947206
Bob Geldof,941329
Sasha Grey,940215
Jay Leno,939496
Jeff Lynne,937737
Television,933596
Macklemore,932771
Chocolate,929782
Prabhu Deva,929675
Isaac Hayes,927513
Ne-Yo,926251
Bob Seger,925090
John Mahoney,921658
Farhan Akhtar,920989
Todd Rundgren,920006
John Deacon,918668
Lyle Lovett,916126
Brian Eno,913783
"Earth, Wind & Fire",911524
Luis Enrique,906214
Vince Gill,905703
Lele Pons,900413
Jason Isbell,896835
Kelly Rowland,895678
The Byrds,895035
Cynthia Erivo,894297
The Kid Laroi,890865
Dolphin,888106
Frank Stallone,887276
Shabana Azmi,884349
Freema Agyeman,881613
Serj Tankian,881301
Pete Townshend,878265
Chaka Khan,875106
Finneas O'Connell,874500
Peter Frampton,871215
Diplo,870622
Brandy,869680
Kenny Chesney,866797
Joe Cocker,866345
Laura Bailey,865003
Alan Thicke,864793
Gilda Radner,859241
Dingo,854061
Jackson Browne,851782
Electric Light Orchestra,849737
Bill Wyman,847827
Chyler Leigh,846456
Derek Hough,844050
Vanilla Ice,843265
Toni Braxton,843149
Nithya Menen,839371
Nine Inch Nails,838961
David Guetta,837747
Buffy Sainte-Marie,835608
The Kinks,835306
Nile Rodgers,832900
John Green,831974
Naomi Judd,829948
Ann Wilson,829237
Kiersey Clemons,829082
Carly Rae Jepsen,828288
Anna Camp,825899
Adrienne Barbeau,821612
Jim Varney,820900
Phil Lynott,820262
Lauren Daigle,814598
Timbaland,813384
The Pussycat Dolls,812771
Colman Domingo,812044
The Prodigy,807975
Sean Paul,805769
Maren Morris,803237
Katt Williams,801271
The Moody Blues,800708
Richard Kind,799853
Irene Cara,798798
Rashid Khan,796815
Natalia Tena,794959
Michael Palin,793542
Stephen Stills,793191
Delta Goodrem,792494
Michaela Jaé Rodriguez,791734
Pat Benatar,790146
Belle Delphine,788828
Barry White,788145
Village People,783308
Harry Connick Jr.,782849
Lucie Arnaz,782182
The Clash,781537
Björn Ulvaeus,780925
Christine and the Queens,779995
Mos Def,779140
Jermaine Jackson,778122
Laura Benanti,777641
Graham Nash,773697
Maroon 5,772562
Lee Byung-hun,771794
Ghost,770670
Patti LuPone,767577
Daryl Hall,764972
Johnny Marr,764339
Dwight Yoakam,763502
Brendon Urie,762249
Susan Lucci,760713
Sanaa Lathan,756927
Gary Barlow,755030
Saweetie,754684
Debbie Allen,754565
Ryan Bingham,752585
Tamera Mowry,746218
Gérard Depardieu,746119
Luis Miguel,744502
Mark Salling,743623
Jhené Aiko,740830
Yungblud,739400
Kim Jong-hyun,739036
Javed Akhtar,738805
Randy Newman,737690
Charlotte Rampling,737073
Stormzy,736853
Bindi Irwin,736791
Neil Peart,733656
Carice van Houten,732019
Tenacious D,726723
Dilraba Dilmurat,726615
Tyra Banks,725637
The Pretenders,724995
Lea Salonga,724482
Kathie Lee Gifford,721764
Jeezy,721585
Mare Winningham,720937
Jim Cummings,720568
Grant Gustin,718698
PJ Harvey,718194
Benny Andersson,716912
Amy Grant,715608
Billy Gibbons,713757
The Allman Brothers Band,711694
Merle Haggard,711517
Falling in Reverse,711331
Bonnie Tyler,709530
Timbuktu,708138
Steve Kazee,705367
Matthias Schweighöfer,705307
No Doubt,701111
Tila Tequila,698718
Isabelle Adjani,694942
Kazuo Ishiguro,693550
Randy Rhoads,689284
Kenny Loggins,688074
Swizz Beatz,686392
Li Bingbing,684037
Thalía,683196
The Hollies,681205
Metta Sandiford-Artest,680664
Michael Nesmith,680590
Sturgill Simpson,680419
Cilla Black,679474
MC Hammer,678548
Emmylou Harris,678092
Jeffree Star,676302
Daddy Yankee,674917
Sophie Marceau,674327
Sonny Chiba,672873
Darren Criss,670187
Siouxsie Sioux,669997
Steve Vai,668367
Nusrat Fateh Ali Khan,664278
Kapil Sharma,663436
Peter Gallagher,661859
Lindsey Stirling,660119
Sulli,659424
S Club 7,659265
Jodi Benson,654425
Roxette,653723
Eric Idle,651411
Donovan,649504
Geddy Lee,647523
Matt Bellamy,646119
Brad Paisley,643553
Mumford & Sons,643220
Benjamin Zephaniah,642533
Logic,641391
Lesley Ann Warren,638838
Bill Withers,637806
Bon Iver,637377
Roberta Flack,637148
Rauw Alejandro,635772
Three 6 Mafia,634945
Kacey Musgraves,634492
The Pointer Sisters,633361
Tobias Forge,632076
John Oates,630796
Denny Doherty,627057
Sarah Brightman,626076
Gregory Hines,626000
Rick Springfield,625592
Iwan Rheon,619634
Cypress Hill,614904
Stromae,613753
John Prine,612749
Leona Lewis,610274
Da'Vine Joy Randolph,610256
Autumn,605488
Melissa Etheridge,604221
The Edge,602811
Gotye,601105
Vani Jairam,600839
Käärijä,600267
George Ezra,598353
Rosanne Cash,597637
Amy Madigan,596556
Maluma,592715
Mark Selby,591714
Psy,590724
Jeff Healey,590228
Marianne Faithfull,589315
Marie Fredriksson,589137
Rob Brydon,589031
New Edition,587738
Jacob Collier,587165
Bryan Ferry,586467
Ilaiyaraaja,585822
Nightwish,585801
Christopher Cross,585780
Haydn Gwynne,585364
Sepultura,584679
Yuvan Shankar Raja,583986
Rita Marley,581024
Ziggy Marley,579417
Alison Krauss,578889
Shane Dawson,578141
Peter Criss,577480
Joe Bonamassa,577158
S. P. Balasubrahmanyam,576312
Twenty One Pilots,575984
Sutton Foster,574582
Gram Parsons,573903
Tom Hulce,569546
Trivikram Srinivas,568574
Tones and I,561676
Sheridan Smith,559308
Nina Hoss,558128
Dee Bradley Baker,558091
Jane's Addiction,556661
Tony Iommi,555036
Zara Larsson,552457
Arnel Pineda,552339
Sheila E.,552234
Trisha Yearwood,551294
Crystal Gayle,549145
Olivia d'Abo,548749
Giorgio Moroder,548549
Anita Baker,548498
Chow Yun-fat,548299
Roger Allam,546023
David Coverdale,542858
Big Sean,542569
Sarah McLachlan,541888
Arshad Warsi,541334
Sheena Easton,539654
Sonu Nigam,538472
Buffalo Springfield,537999
Tuva Novotny,537366
Thomas Bangalter,535578
Run-DMC,535528
Townes Van Zandt,532557
Moira Kelly,529608
Ryan Tedder,526680
Tomorrow X Together,521750
Patrick Stump,520749
G-Dragon,519324
Beef,518874
Paul Weller,517597
Franka Potente,517546
Len Cariou,517383
Ray Davies,516269
Eurythmics,515039
Ashley McBryde,514988
Anne Murray,511470
Harvey Fierstein,509244
Carla Bruni,508434
Diane Warren,507664
The Go-Go's,507651
Astrud Gilberto,505729
Timothy B. Schmit,504803
The Guess Who,504549
Kraftwerk,504028
Little Simz,502875
John Entwistle,500858
Aaron Tveit,500744
John Barrowman,499029
Jasmine Guy,498738
Annaleigh Ashford,497801
D12,496975
August Alsina,495714
Nick Mason,494431
Hayley Kiyoko,493916
Helen Reddy,491911
Lenny Henry,490711
Modern Talking,489614
Wizkid,488180
Mick Hucknall,481841
Tim Minchin,481027
Sunidhi Chauhan,480139
Julie Delpy,479077
Gulzar,479055
Roxy Music,478686
Owl City,478620
Pedro Almodóvar,477799
Rain,477625
Lou Gramm,475202
Bernard Tapie,474917
Tracey Ullman,474507
Bobbie Gentry,474069
Christopher Atkins,473678
Jinkx Monsoon,473286
Alan Menken,471906
Hootie & the Blowfish,470472
James Marsters,469515
Itzy,468247
Craig Bierko,466735
Wyclef Jean,465600
Bob Weir,463328
Mike Oldfield,460819
Liza Soberano,459432
Tove Lo,458784
Marina Diamandis,458285
Bachman–Turner Overdrive,457024
Cheyenne Jackson,456814
Wang Yibo,455847
Jay Chou,454410
John Farnham,453736
Francis Magalona,452659
Roger Whittaker,449774
J Balvin,448000
Smiley,445451
Shu Qi,445107
Noa Kirel,444946
Guy-Manuel de Homem-Christo,444590
Typhoon,444347
Udit Narayan,443860
Beverley Knight,443536
Counting Crows,440569
Andy Lau,440409
Manic Street Preachers,440184
Billy Ocean,439463
Betty Buckley,439213
Kelly Bishop,438405
Anika Noni Rose,434522
Dixie Carter,433991
Neal Schon,433633
KC and the Sunshine Band,432920
Mamta Mohandas,432073
Jonny Greenwood,429643
Bushido,429311
Guy Sebastian,428931
Tiësto,428795
José Feliciano,426368
John Paul Jones,423424
Jill Hennessy,422982
Steve Earle,422909
Rufus Wainwright,422561
Lou Doillon,422308
2 Chainz,420920
Dixie D'Amelio,420858
Madelaine Petsch,419599
Michael Parks,417382
Ahmed Best,417315
Vishal Bhardwaj,416919
Grandmaster Flash,416526
Atif Aslam,416468
Mithoon,415881
Romeo Santos,415136
Marla Gibbs,414155
Beverley Mitchell,411243
Carly Pearce,410837
Marty Stuart,410044
Lady A,409850
Jess Glynne,409386
Konnan,407127
Raúl Esparza,406869
Alessia Cara,406074
Bruce Hornsby,404251
Midge Ure,403925
Ray Manzarek,403893
In Flames,403782
Diana Krall,403350
Taylor York,403099
Harry Chapin,401011
The Hives,400895
Jharrel Jerome,400316
The Roots,400296
5 Seconds of Summer,399260
Vicente Fernández,398371
Eve,396780
Ethel Merman,396423
Mallika Sarabhai,396153
Tamar Braxton,394460
Brian McKnight,393098
David Essex,392988
Nazia Hassan,392004
Donny Hathaway,391849
Martine McCutcheon,391623
BoA,391526
Men at Work,390599
Randy Bachman,389923
The-Dream,389724
Bobby Womack,389190
John Cale,388170
Anthony Field,387224
Ian Anderson,385277
The Zombies,384877
Public Enemy,384844
Morten Harket,384645
Derek Trucks,384162
Tegan and Sara,384058
Anastacia,381624
Culture Club,381514
Kumar Sanu,381440
Victoria Wood,381097
Terry O'Quinn,378980
Stefflon Don,377833
Carole Bayer Sager,377752
Arcade Fire,377647
Dan Fogler,376905
Toni Basil,376152
Michael Ball,376111
Neneh Cherry,376029
Nirvana,375592
Jane Horrocks,375068
Noddy Holder,374157
Pierce the Veil,372660
Omega,371979
Magnet,371627
En Vogue,371133
Ian Gillan,370628
Mai Tai,370358
Renée Elise Goldsberry,368754
Keri Hilson,366220
Yunjin Kim,366050
Kym Marsh,365463
Howard Donald,365200
Clint Black,364076
Vic Mignogna,363237
Alex Lifeson,360400
Carroll Baker,359915
Peter Kay,359175
Dweezil Zappa,358731
Barry Bostwick,358140
Gil Scott-Heron,357945
Edgar Winter,357859
Chris Colfer,356349
Amanda Lear,355203
Adam Clayton,354189
Hector,353503
Johnny Winter,353226
Shweta Mohan,352212
Katie Melua,350303
Martin Garrix,350125
Heather Headley,349792
Crowded House,348751
Hwasa,348549
CeCe Winans,348064
Devi Sri Prasad,347937
Neil Finn,346864
